{
    "head": {
        "pricebook": "default",
        "shop": "storefront-catalog-en",
        "currency": "CAD"
    },
    "items": [
        {
            "product_id": "0558",
            "value": 11.0
        },
        {
            "product_id": "0558-00002",
            "value": 12.0
        },
        {
            "product_id": "0558-00004",
            "value": 13.0
        },
        {
            "product_id": "0558-00006",
            "value": 14.0
        },
        {
            "product_id": "0558-00008",
            "value": 15.0
        }
    ]
}