{
    "head": {
        "store_mapping": [
            {
                "store_id": "00008",
                "fulfillment_node_id": "00008"
            },
            {
                "store_id": "00009",
                "fulfillment_node_id": "00009"
            },
            {
                "store_id": "00010",
                "fulfillment_node_id": "00010"
            },
            {
                "store_id": "00011",
                "fulfillment_node_id": "00011"
            },
            {
                "store_id": "00012",
                "fulfillment_node_id": "00012"
            },
            {
                "store_id": "00023",
                "fulfillment_node_id": "00023"
            },
            {
                "store_id": "00025",
                "fulfillment_node_id": "00025"
            },
            {
                "store_id": "00027",
                "fulfillment_node_id": "00027"
            },
            {
                "store_id": "00044",
                "fulfillment_node_id": "00044"
            },
            {
                "store_id": "00080",
                "fulfillment_node_id": "00080"
            },
            {
                "store_id": "00094",
                "fulfillment_node_id": "00094"
            },
            {
                "store_id": "00115",
                "fulfillment_node_id": "00115"
            },
            {
                "store_id": "00144",
                "fulfillment_node_id": "00144"
            },
            {
                "store_id": "00151",
                "fulfillment_node_id": "00151"
            },
            {
                "store_id": "00180",
                "fulfillment_node_id": "00180"
            },
            {
                "store_id": "00189",
                "fulfillment_node_id": "00189"
            },
            {
                "store_id": "00231",
                "fulfillment_node_id": "00231"
            },
            {
                "store_id": "00283",
                "fulfillment_node_id": "00283"
            },
            {
                "store_id": "00008",
                "fulfillment_node_id": "00008"
            },
            {
                "store_id": "09001",
                "fulfillment_node_id": "09001"
            }
        ],
        "mode": "atp"
    },
    "items": [
        {
            "product_id": "CCX_12345",
            "quantity": 0,
            "fulfillment_node_id": "00008"
        },
        {
            "product_id": "CCX_12345",
            "quantity": 0,
            "fulfillment_node_id": "00009"
        },
        {
            "product_id": "CCX_12345",
            "quantity": 0,
            "fulfillment_node_id": "00010"
        },
        {
            "product_id": "CCX_12345",
            "quantity": 0,
            "fulfillment_node_id": "00011"
        },
        {
            "product_id": "CCX_12345",
            "quantity": 0,
            "fulfillment_node_id": "00012"
        },
        {
            "product_id": "CCX_12345",
            "quantity": 0,
            "fulfillment_node_id": "00023"
        },
        {
            "product_id": "CCX_12345",
            "quantity": 0,
            "fulfillment_node_id": "00025"
        },
        {
            "product_id": "CCX_12345",
            "quantity": 0,
            "fulfillment_node_id": "00027"
        },
        {
            "product_id": "CCX_12345",
            "quantity": 0,
            "fulfillment_node_id": "00044"
        },
        {
            "product_id": "CCX_12345",
            "quantity": 0,
            "fulfillment_node_id": "00080"
        },
        {
            "product_id": "CCX_12345",
            "quantity": 0,
            "fulfillment_node_id": "00094"
        },
        {
            "product_id": "CCX_12345",
            "quantity": 0,
            "fulfillment_node_id": "00115"
        },
        {
            "product_id": "CCX_12345",
            "quantity": 0,
            "fulfillment_node_id": "00117"
        },
        {
            "product_id": "CCX_12345",
            "quantity": 0,
            "fulfillment_node_id": "00144"
        },
        {
            "product_id": "CCX_12345",
            "quantity": 0,
            "fulfillment_node_id": "00151"
        },
        {
            "product_id": "CCX_12345",
            "quantity": 0,
            "fulfillment_node_id": "00180"
        },
        {
            "product_id": "CCX_12345",
            "quantity": 0,
            "fulfillment_node_id": "00189"
        },
        {
            "product_id": "CCX_12345",
            "quantity": 0,
            "fulfillment_node_id": "00231"
        },
        {
            "product_id": "CCX_12345",
            "quantity": 0,
            "fulfillment_node_id": "00283"
        },
        {
            "product_id": "CCX_12345",
            "quantity": 0,
            "fulfillment_node_id": "09001"
        }
    ]
}