{
    "head": {
        "store_mapping": [
            {
                "store_id": "012",
                "fulfillment_node_id": "012"
            }
        ],
        "mode": "atp"
    },
    "items": [
        {
            "product_id": "0794",
            "quantity": 50,
            "fulfillment_node_id": "012"
        },
        {
            "product_id": "0376",
            "quantity": 50,
            "fulfillment_node_id": "012"
        },
        {
            "product_id": "0588",
            "quantity": 50,
            "fulfillment_node_id": "012"
        },
        {
            "product_id": "0707",
            "quantity": 50,
            "fulfillment_node_id": "012"
        },
        {
            "product_id": "0884",
            "quantity": 50,
            "fulfillment_node_id": "012"
        },
        {
            "product_id": "0009",
            "quantity": 50,
            "fulfillment_node_id": "012"
        },
        {
            "product_id": "0179",
            "quantity": 50,
            "fulfillment_node_id": "012"
        },
        {
            "product_id": "0820",
            "quantity": 50,
            "fulfillment_node_id": "012"
        },
        {
            "product_id": "0921",
            "quantity": 50,
            "fulfillment_node_id": "012"
        },
        {
            "product_id": "10654V0045427",
            "quantity": 50,
            "fulfillment_node_id": "012"
        },
        {
            "product_id": "0839",
            "quantity": 50,
            "fulfillment_node_id": "012"
        },
        {
            "product_id": "0627",
            "quantity": 50,
            "fulfillment_node_id": "012"
        },
        {
            "product_id": "0713",
            "quantity": 50,
            "fulfillment_node_id": "012"
        },
        {
            "product_id": "901605",
            "quantity": 50,
            "fulfillment_node_id": "012"
        },
        {
            "product_id": "0829",
            "quantity": 50,
            "fulfillment_node_id": "012"
        },
        {
            "product_id": "0980",
            "quantity": 50,
            "fulfillment_node_id": "012"
        },
        {
            "product_id": "0041",
            "quantity": 50,
            "fulfillment_node_id": "012"
        },
        {
            "product_id": "0819",
            "quantity": 50,
            "fulfillment_node_id": "012"
        },
        {
            "product_id": "0230",
            "quantity": 50,
            "fulfillment_node_id": "012"
        },
        {
            "product_id": "0396",
            "quantity": 50,
            "fulfillment_node_id": "012"
        },
        {
            "product_id": "0867",
            "quantity": 50,
            "fulfillment_node_id": "012"
        },
        {
            "product_id": "0789",
            "quantity": 50,
            "fulfillment_node_id": "012"
        },
        {
            "product_id": "0431",
            "quantity": 50,
            "fulfillment_node_id": "012"
        },
        {
            "product_id": "0621",
            "quantity": 50,
            "fulfillment_node_id": "012"
        },
        {
            "product_id": "0643",
            "quantity": 50,
            "fulfillment_node_id": "012"
        },
        {
            "product_id": "0800",
            "quantity": 50,
            "fulfillment_node_id": "012"
        },
        {
            "product_id": "0043",
            "quantity": 50,
            "fulfillment_node_id": "012"
        },
        {
            "product_id": "0270",
            "quantity": 50,
            "fulfillment_node_id": "012"
        },
        {
            "product_id": "0348",
            "quantity": 50,
            "fulfillment_node_id": "012"
        },
        {
            "product_id": "0876",
            "quantity": 50,
            "fulfillment_node_id": "012"
        },
        {
            "product_id": "0410",
            "quantity": 50,
            "fulfillment_node_id": "012"
        },
        {
            "product_id": "0708",
            "quantity": 50,
            "fulfillment_node_id": "012"
        },
        {
            "product_id": "0710",
            "quantity": 50,
            "fulfillment_node_id": "012"
        },
        {
            "product_id": "0556",
            "quantity": 50,
            "fulfillment_node_id": "012"
        },
        {
            "product_id": "0576",
            "quantity": 50,
            "fulfillment_node_id": "012"
        },
        {
            "product_id": "0787",
            "quantity": 50,
            "fulfillment_node_id": "012"
        },
        {
            "product_id": "0883",
            "quantity": 50,
            "fulfillment_node_id": "012"
        },
        {
            "product_id": "0895",
            "quantity": 50,
            "fulfillment_node_id": "012"
        },
        {
            "product_id": "0956",
            "quantity": 50,
            "fulfillment_node_id": "012"
        },
        {
            "product_id": "0788",
            "quantity": 50,
            "fulfillment_node_id": "012"
        },
        {
            "product_id": "0057",
            "quantity": 50,
            "fulfillment_node_id": "012"
        },
        {
            "product_id": "0933",
            "quantity": 50,
            "fulfillment_node_id": "012"
        },
        {
            "product_id": "0575",
            "quantity": 50,
            "fulfillment_node_id": "012"
        },
        {
            "product_id": "0690",
            "quantity": 50,
            "fulfillment_node_id": "012"
        },
        {
            "product_id": "0657",
            "quantity": 50,
            "fulfillment_node_id": "012"
        },
        {
            "product_id": "0585",
            "quantity": 50,
            "fulfillment_node_id": "012"
        },
        {
            "product_id": "0056",
            "quantity": 50,
            "fulfillment_node_id": "012"
        },
        {
            "product_id": "0063",
            "quantity": 50,
            "fulfillment_node_id": "012"
        },
        {
            "product_id": "0233",
            "quantity": 50,
            "fulfillment_node_id": "012"
        },
        {
            "product_id": "0248",
            "quantity": 50,
            "fulfillment_node_id": "012"
        },
        {
            "product_id": "0816",
            "quantity": 50,
            "fulfillment_node_id": "012"
        },
        {
            "product_id": "0521",
            "quantity": 50,
            "fulfillment_node_id": "012"
        },
        {
            "product_id": "0531",
            "quantity": 50,
            "fulfillment_node_id": "012"
        },
        {
            "product_id": "0642",
            "quantity": 50,
            "fulfillment_node_id": "012"
        },
        {
            "product_id": "0848",
            "quantity": 50,
            "fulfillment_node_id": "012"
        },
        {
            "product_id": "0944",
            "quantity": 50,
            "fulfillment_node_id": "012"
        },
        {
            "product_id": "0964",
            "quantity": 50,
            "fulfillment_node_id": "012"
        },
        {
            "product_id": "0965",
            "quantity": 50,
            "fulfillment_node_id": "012"
        },
        {
            "product_id": "0988",
            "quantity": 50,
            "fulfillment_node_id": "012"
        },
        {
            "product_id": "0646",
            "quantity": 50,
            "fulfillment_node_id": "012"
        },
        {
            "product_id": "0691",
            "quantity": 50,
            "fulfillment_node_id": "012"
        },
        {
            "product_id": "0948",
            "quantity": 50,
            "fulfillment_node_id": "012"
        },
        {
            "product_id": "0834",
            "quantity": 50,
            "fulfillment_node_id": "012"
        },
        {
            "product_id": "0523",
            "quantity": 50,
            "fulfillment_node_id": "012"
        },
        {
            "product_id": "900398V0010000",
            "quantity": 50,
            "fulfillment_node_id": "012"
        },
        {
            "product_id": "10868V0099330",
            "quantity": 50,
            "fulfillment_node_id": "012"
        },
        {
            "product_id": "0616",
            "quantity": 50,
            "fulfillment_node_id": "012"
        },
        {
            "product_id": "0900",
            "quantity": 50,
            "fulfillment_node_id": "012"
        },
        {
            "product_id": "0906",
            "quantity": 50,
            "fulfillment_node_id": "012"
        },
        {
            "product_id": "10932V0099316",
            "quantity": 50,
            "fulfillment_node_id": "012"
        },
        {
            "product_id": "0564",
            "quantity": 50,
            "fulfillment_node_id": "012"
        },
        {
            "product_id": "0963",
            "quantity": 50,
            "fulfillment_node_id": "012"
        },
        {
            "product_id": "10840V0084352",
            "quantity": 50,
            "fulfillment_node_id": "012"
        },
        {
            "product_id": "10932V0099317",
            "quantity": 50,
            "fulfillment_node_id": "012"
        },
        {
            "product_id": "0927",
            "quantity": 50,
            "fulfillment_node_id": "012"
        },
        {
            "product_id": "0971",
            "quantity": 50,
            "fulfillment_node_id": "012"
        },
        {
            "product_id": "0993",
            "quantity": 50,
            "fulfillment_node_id": "012"
        },
        {
            "product_id": "0877",
            "quantity": 50,
            "fulfillment_node_id": "012"
        },
        {
            "product_id": "0612",
            "quantity": 50,
            "fulfillment_node_id": "012"
        },
        {
            "product_id": "0879",
            "quantity": 50,
            "fulfillment_node_id": "012"
        },
        {
            "product_id": "0932",
            "quantity": 50,
            "fulfillment_node_id": "012"
        },
        {
            "product_id": "0123",
            "quantity": 50,
            "fulfillment_node_id": "012"
        },
        {
            "product_id": "0108",
            "quantity": 50,
            "fulfillment_node_id": "012"
        },
        {
            "product_id": "0696",
            "quantity": 50,
            "fulfillment_node_id": "012"
        },
        {
            "product_id": "0994",
            "quantity": 50,
            "fulfillment_node_id": "012"
        },
        {
            "product_id": "0650",
            "quantity": 50,
            "fulfillment_node_id": "012"
        },
        {
            "product_id": "0006",
            "quantity": 50,
            "fulfillment_node_id": "012"
        },
        {
            "product_id": "0204",
            "quantity": 50,
            "fulfillment_node_id": "012"
        },
        {
            "product_id": "0436",
            "quantity": 50,
            "fulfillment_node_id": "012"
        },
        {
            "product_id": "0463",
            "quantity": 50,
            "fulfillment_node_id": "012"
        },
        {
            "product_id": "0487",
            "quantity": 50,
            "fulfillment_node_id": "012"
        },
        {
            "product_id": "0966",
            "quantity": 50,
            "fulfillment_node_id": "012"
        },
        {
            "product_id": "0533",
            "quantity": 50,
            "fulfillment_node_id": "012"
        },
        {
            "product_id": "0935",
            "quantity": 50,
            "fulfillment_node_id": "012"
        },
        {
            "product_id": "0776",
            "quantity": 50,
            "fulfillment_node_id": "012"
        },
        {
            "product_id": "0952",
            "quantity": 50,
            "fulfillment_node_id": "012"
        },
        {
            "product_id": "0017",
            "quantity": 50,
            "fulfillment_node_id": "012"
        },
        {
            "product_id": "0603",
            "quantity": 50,
            "fulfillment_node_id": "012"
        },
        {
            "product_id": "0479",
            "quantity": 50,
            "fulfillment_node_id": "012"
        },
        {
            "product_id": "0502",
            "quantity": 50,
            "fulfillment_node_id": "012"
        },
        {
            "product_id": "0938",
            "quantity": 50,
            "fulfillment_node_id": "012"
        },
        {
            "product_id": "0638",
            "quantity": 50,
            "fulfillment_node_id": "012"
        },
        {
            "product_id": "0973",
            "quantity": 50,
            "fulfillment_node_id": "012"
        },
        {
            "product_id": "0706",
            "quantity": 50,
            "fulfillment_node_id": "012"
        },
        {
            "product_id": "0960",
            "quantity": 50,
            "fulfillment_node_id": "012"
        },
        {
            "product_id": "0451",
            "quantity": 50,
            "fulfillment_node_id": "012"
        },
        {
            "product_id": "10917V0091465",
            "quantity": 50,
            "fulfillment_node_id": "012"
        },
        {
            "product_id": "0978",
            "quantity": 50,
            "fulfillment_node_id": "012"
        },
        {
            "product_id": "1001",
            "quantity": 50,
            "fulfillment_node_id": "012"
        },
        {
            "product_id": "0887",
            "quantity": 50,
            "fulfillment_node_id": "012"
        },
        {
            "product_id": "0910",
            "quantity": 50,
            "fulfillment_node_id": "012"
        },
        {
            "product_id": "10902V0090148",
            "quantity": 50,
            "fulfillment_node_id": "012"
        },
        {
            "product_id": "0979",
            "quantity": 50,
            "fulfillment_node_id": "012"
        },
        {
            "product_id": "0982",
            "quantity": 50,
            "fulfillment_node_id": "012"
        },
        {
            "product_id": "0644",
            "quantity": 50,
            "fulfillment_node_id": "012"
        },
        {
            "product_id": "0683",
            "quantity": 50,
            "fulfillment_node_id": "012"
        },
        {
            "product_id": "0217",
            "quantity": 50,
            "fulfillment_node_id": "012"
        },
        {
            "product_id": "0532",
            "quantity": 50,
            "fulfillment_node_id": "012"
        },
        {
            "product_id": "0076",
            "quantity": 50,
            "fulfillment_node_id": "012"
        },
        {
            "product_id": "0945",
            "quantity": 50,
            "fulfillment_node_id": "012"
        },
        {
            "product_id": "0866",
            "quantity": 50,
            "fulfillment_node_id": "012"
        },
        {
            "product_id": "0220",
            "quantity": 50,
            "fulfillment_node_id": "012"
        },
        {
            "product_id": "0441",
            "quantity": 50,
            "fulfillment_node_id": "012"
        },
        {
            "product_id": "0494",
            "quantity": 50,
            "fulfillment_node_id": "012"
        },
        {
            "product_id": "0605",
            "quantity": 50,
            "fulfillment_node_id": "012"
        },
        {
            "product_id": "0712",
            "quantity": 50,
            "fulfillment_node_id": "012"
        },
        {
            "product_id": "0795",
            "quantity": 50,
            "fulfillment_node_id": "012"
        },
        {
            "product_id": "0814",
            "quantity": 50,
            "fulfillment_node_id": "012"
        },
        {
            "product_id": "0818",
            "quantity": 50,
            "fulfillment_node_id": "012"
        },
        {
            "product_id": "0841",
            "quantity": 50,
            "fulfillment_node_id": "012"
        },
        {
            "product_id": "0854",
            "quantity": 50,
            "fulfillment_node_id": "012"
        },
        {
            "product_id": "0875",
            "quantity": 50,
            "fulfillment_node_id": "012"
        },
        {
            "product_id": "0991",
            "quantity": 50,
            "fulfillment_node_id": "012"
        },
        {
            "product_id": "0024",
            "quantity": 50,
            "fulfillment_node_id": "012"
        },
        {
            "product_id": "0219",
            "quantity": 50,
            "fulfillment_node_id": "012"
        },
        {
            "product_id": "0486",
            "quantity": 50,
            "fulfillment_node_id": "012"
        },
        {
            "product_id": "0534",
            "quantity": 50,
            "fulfillment_node_id": "012"
        },
        {
            "product_id": "0842",
            "quantity": 50,
            "fulfillment_node_id": "012"
        },
        {
            "product_id": "0530",
            "quantity": 50,
            "fulfillment_node_id": "012"
        },
        {
            "product_id": "0046",
            "quantity": 50,
            "fulfillment_node_id": "012"
        },
        {
            "product_id": "0925",
            "quantity": 50,
            "fulfillment_node_id": "012"
        },
        {
            "product_id": "0288",
            "quantity": 50,
            "fulfillment_node_id": "012"
        },
        {
            "product_id": "0857",
            "quantity": 50,
            "fulfillment_node_id": "012"
        },
        {
            "product_id": "0922",
            "quantity": 50,
            "fulfillment_node_id": "012"
        },
        {
            "product_id": "0838",
            "quantity": 50,
            "fulfillment_node_id": "012"
        },
        {
            "product_id": "0881",
            "quantity": 50,
            "fulfillment_node_id": "012"
        },
        {
            "product_id": "0694",
            "quantity": 50,
            "fulfillment_node_id": "012"
        },
        {
            "product_id": "0896",
            "quantity": 50,
            "fulfillment_node_id": "012"
        },
        {
            "product_id": "0813",
            "quantity": 50,
            "fulfillment_node_id": "012"
        },
        {
            "product_id": "0888",
            "quantity": 50,
            "fulfillment_node_id": "012"
        },
        {
            "product_id": "0907",
            "quantity": 50,
            "fulfillment_node_id": "012"
        },
        {
            "product_id": "0908",
            "quantity": 50,
            "fulfillment_node_id": "012"
        },
        {
            "product_id": "0962",
            "quantity": 50,
            "fulfillment_node_id": "012"
        },
        {
            "product_id": "900407V0015175",
            "quantity": 50,
            "fulfillment_node_id": "012"
        }
    ]
}