{
  "head": {
    "store_mapping": [
      {
        "store_id": "012",
        "fulfillment_node_id": "012"
      }
    ],
    "mode": "atp"
  },
  "items": [
    {
      "product_id": "0006",
      "quantity": 10,
      "fulfillment_node_id": "012",
      "revision": 1
    },
    {
      "product_id": "0009",
      "quantity": 10,
      "fulfillment_node_id": "012",
      "revision": 1
    },
    {
      "product_id": "0023",
      "quantity": 10,
      "fulfillment_node_id": "012",
      "revision": 1
    },
    {
      "product_id": "901969V0039908",
      "quantity": 10,
      "fulfillment_node_id": "012",
      "revision": 1
    },
    {
      "product_id": "904480V0095175",
      "quantity": 10,
      "fulfillment_node_id": "012",
      "revision": 1
    },
    {
      "product_id": "0024",
      "quantity": 10,
      "fulfillment_node_id": "012",
      "revision": 1
    },
    {
      "product_id": "0041",
      "quantity": 10,
      "fulfillment_node_id": "012",
      "revision": 1
    },
    {
      "product_id": "904030V0076225",
      "quantity": 10,
      "fulfillment_node_id": "012",
      "revision": 1
    },
    {
      "product_id": "961329V0083743",
      "quantity": 10,
      "fulfillment_node_id": "012",
      "revision": 1
    },
    {
      "product_id": "0043",
      "quantity": 10,
      "fulfillment_node_id": "012",
      "revision": 1
    },
    {
      "product_id": "0530",
      "quantity": 10,
      "fulfillment_node_id": "012",
      "revision": 1
    },
    {
      "product_id": "0690",
      "quantity": 10,
      "fulfillment_node_id": "012",
      "revision": 1
    },
    {
      "product_id": "961162V0076898",
      "quantity": 10,
      "fulfillment_node_id": "012",
      "revision": 1
    },
    {
      "product_id": "0046",
      "quantity": 10,
      "fulfillment_node_id": "012",
      "revision": 1
    },
    {
      "product_id": "0057",
      "quantity": 10,
      "fulfillment_node_id": "012",
      "revision": 1
    },
    {
      "product_id": "0063",
      "quantity": 10,
      "fulfillment_node_id": "012",
      "revision": 1
    },
    {
      "product_id": "961547V0090298",
      "quantity": 10,
      "fulfillment_node_id": "012",
      "revision": 1
    },
    {
      "product_id": "961725V0095484",
      "quantity": 10,
      "fulfillment_node_id": "012",
      "revision": 1
    },
    {
      "product_id": "0076",
      "quantity": 10,
      "fulfillment_node_id": "012",
      "revision": 1
    },
    {
      "product_id": "0650",
      "quantity": 10,
      "fulfillment_node_id": "012",
      "revision": 1
    },
    {
      "product_id": "0108",
      "quantity": 10,
      "fulfillment_node_id": "012",
      "revision": 1
    },
    {
      "product_id": "904429V0093490",
      "quantity": 10,
      "fulfillment_node_id": "012",
      "revision": 1
    },
    {
      "product_id": "0110",
      "quantity": 10,
      "fulfillment_node_id": "012",
      "revision": 1
    },
    {
      "product_id": "0123",
      "quantity": 10,
      "fulfillment_node_id": "012",
      "revision": 1
    },
    {
      "product_id": "0161",
      "quantity": 10,
      "fulfillment_node_id": "012",
      "revision": 1
    },
    {
      "product_id": "0818",
      "quantity": 10,
      "fulfillment_node_id": "012",
      "revision": 1
    },
    {
      "product_id": "0179",
      "quantity": 10,
      "fulfillment_node_id": "012",
      "revision": 1
    },
    {
      "product_id": "961439V0085827",
      "quantity": 10,
      "fulfillment_node_id": "012",
      "revision": 1
    },
    {
      "product_id": "0204",
      "quantity": 10,
      "fulfillment_node_id": "012",
      "revision": 1
    },
    {
      "product_id": "0760",
      "quantity": 10,
      "fulfillment_node_id": "012",
      "revision": 1
    },
    {
      "product_id": "0782",
      "quantity": 10,
      "fulfillment_node_id": "012",
      "revision": 1
    },
    {
      "product_id": "904148V0079175",
      "quantity": 10,
      "fulfillment_node_id": "012",
      "revision": 1
    },
    {
      "product_id": "961493V0090029",
      "quantity": 10,
      "fulfillment_node_id": "012",
      "revision": 1
    },
    {
      "product_id": "0212",
      "quantity": 10,
      "fulfillment_node_id": "012",
      "revision": 1
    },
    {
      "product_id": "961107V0076243",
      "quantity": 10,
      "fulfillment_node_id": "012",
      "revision": 1
    },
    {
      "product_id": "0217",
      "quantity": 10,
      "fulfillment_node_id": "012",
      "revision": 1
    },
    {
      "product_id": "904454V0094676",
      "quantity": 10,
      "fulfillment_node_id": "012",
      "revision": 1
    },
    {
      "product_id": "0219",
      "quantity": 10,
      "fulfillment_node_id": "012",
      "revision": 1
    },
    {
      "product_id": "0523",
      "quantity": 10,
      "fulfillment_node_id": "012",
      "revision": 1
    },
    {
      "product_id": "0789",
      "quantity": 10,
      "fulfillment_node_id": "012",
      "revision": 1
    },
    {
      "product_id": "900016",
      "quantity": 10,
      "fulfillment_node_id": "012",
      "revision": 1
    },
    {
      "product_id": "960466",
      "quantity": 10,
      "fulfillment_node_id": "012",
      "revision": 1
    },
    {
      "product_id": "0230",
      "quantity": 10,
      "fulfillment_node_id": "012",
      "revision": 1
    },
    {
      "product_id": "901715",
      "quantity": 10,
      "fulfillment_node_id": "012",
      "revision": 1
    },
    {
      "product_id": "0233",
      "quantity": 10,
      "fulfillment_node_id": "012",
      "revision": 1
    },
    {
      "product_id": "0946",
      "quantity": 10,
      "fulfillment_node_id": "012",
      "revision": 1
    },
    {
      "product_id": "0248",
      "quantity": 10,
      "fulfillment_node_id": "012",
      "revision": 1
    },
    {
      "product_id": "0270",
      "quantity": 10,
      "fulfillment_node_id": "012",
      "revision": 1
    },
    {
      "product_id": "904510V0095959",
      "quantity": 10,
      "fulfillment_node_id": "012",
      "revision": 1
    },
    {
      "product_id": "0281",
      "quantity": 10,
      "fulfillment_node_id": "012",
      "revision": 1
    },
    {
      "product_id": "904377V0093079",
      "quantity": 10,
      "fulfillment_node_id": "012",
      "revision": 1
    },
    {
      "product_id": "0288",
      "quantity": 10,
      "fulfillment_node_id": "012",
      "revision": 1
    },
    {
      "product_id": "0348",
      "quantity": 10,
      "fulfillment_node_id": "012",
      "revision": 1
    },
    {
      "product_id": "0829",
      "quantity": 10,
      "fulfillment_node_id": "012",
      "revision": 1
    },
    {
      "product_id": "0905",
      "quantity": 10,
      "fulfillment_node_id": "012",
      "revision": 1
    },
    {
      "product_id": "0376",
      "quantity": 10,
      "fulfillment_node_id": "012",
      "revision": 1
    },
    {
      "product_id": "0385",
      "quantity": 10,
      "fulfillment_node_id": "012",
      "revision": 1
    },
    {
      "product_id": "0884",
      "quantity": 10,
      "fulfillment_node_id": "012",
      "revision": 1
    },
    {
      "product_id": "0887",
      "quantity": 10,
      "fulfillment_node_id": "012",
      "revision": 1
    },
    {
      "product_id": "0396",
      "quantity": 10,
      "fulfillment_node_id": "012",
      "revision": 1
    },
    {
      "product_id": "0409",
      "quantity": 10,
      "fulfillment_node_id": "012",
      "revision": 1
    },
    {
      "product_id": "904445V0094669",
      "quantity": 10,
      "fulfillment_node_id": "012",
      "revision": 1
    },
    {
      "product_id": "961146V0076544",
      "quantity": 10,
      "fulfillment_node_id": "012",
      "revision": 1
    },
    {
      "product_id": "0410",
      "quantity": 10,
      "fulfillment_node_id": "012",
      "revision": 1
    },
    {
      "product_id": "0533",
      "quantity": 10,
      "fulfillment_node_id": "012",
      "revision": 1
    },
    {
      "product_id": "904333V0090242",
      "quantity": 10,
      "fulfillment_node_id": "012",
      "revision": 1
    },
    {
      "product_id": "904473V0094682",
      "quantity": 10,
      "fulfillment_node_id": "012",
      "revision": 1
    },
    {
      "product_id": "950080",
      "quantity": 10,
      "fulfillment_node_id": "012",
      "revision": 1
    },
    {
      "product_id": "0431",
      "quantity": 10,
      "fulfillment_node_id": "012",
      "revision": 1
    },
    {
      "product_id": "0436",
      "quantity": 10,
      "fulfillment_node_id": "012",
      "revision": 1
    },
    {
      "product_id": "0753",
      "quantity": 10,
      "fulfillment_node_id": "012",
      "revision": 1
    },
    {
      "product_id": "0441",
      "quantity": 10,
      "fulfillment_node_id": "012",
      "revision": 1
    },
    {
      "product_id": "0576",
      "quantity": 10,
      "fulfillment_node_id": "012",
      "revision": 1
    },
    {
      "product_id": "0857",
      "quantity": 10,
      "fulfillment_node_id": "012",
      "revision": 1
    },
    {
      "product_id": "900233",
      "quantity": 10,
      "fulfillment_node_id": "012",
      "revision": 1
    },
    {
      "product_id": "902576V0063905",
      "quantity": 10,
      "fulfillment_node_id": "012",
      "revision": 1
    },
    {
      "product_id": "0444",
      "quantity": 10,
      "fulfillment_node_id": "012",
      "revision": 1
    },
    {
      "product_id": "0451",
      "quantity": 10,
      "fulfillment_node_id": "012",
      "revision": 1
    },
    {
      "product_id": "0585",
      "quantity": 10,
      "fulfillment_node_id": "012",
      "revision": 1
    },
    {
      "product_id": "0879",
      "quantity": 10,
      "fulfillment_node_id": "012",
      "revision": 1
    },
    {
      "product_id": "0479",
      "quantity": 10,
      "fulfillment_node_id": "012",
      "revision": 1
    },
    {
      "product_id": "904358V0090273",
      "quantity": 10,
      "fulfillment_node_id": "012",
      "revision": 1
    },
    {
      "product_id": "0494",
      "quantity": 10,
      "fulfillment_node_id": "012",
      "revision": 1
    },
    {
      "product_id": "0842",
      "quantity": 10,
      "fulfillment_node_id": "012",
      "revision": 1
    },
    {
      "product_id": "0852",
      "quantity": 10,
      "fulfillment_node_id": "012",
      "revision": 1
    },
    {
      "product_id": "0908",
      "quantity": 10,
      "fulfillment_node_id": "012",
      "revision": 1
    },
    {
      "product_id": "0521",
      "quantity": 10,
      "fulfillment_node_id": "012",
      "revision": 1
    },
    {
      "product_id": "900616",
      "quantity": 10,
      "fulfillment_node_id": "012",
      "revision": 1
    },
    {
      "product_id": "0531",
      "quantity": 10,
      "fulfillment_node_id": "012",
      "revision": 1
    },
    {
      "product_id": "0532",
      "quantity": 10,
      "fulfillment_node_id": "012",
      "revision": 1
    },
    {
      "product_id": "901713",
      "quantity": 10,
      "fulfillment_node_id": "012",
      "revision": 1
    },
    {
      "product_id": "0534",
      "quantity": 10,
      "fulfillment_node_id": "012",
      "revision": 1
    },
    {
      "product_id": "0820",
      "quantity": 10,
      "fulfillment_node_id": "012",
      "revision": 1
    },
    {
      "product_id": "901711V0032708",
      "quantity": 10,
      "fulfillment_node_id": "012",
      "revision": 1
    },
    {
      "product_id": "960492",
      "quantity": 10,
      "fulfillment_node_id": "012",
      "revision": 1
    },
    {
      "product_id": "0556",
      "quantity": 10,
      "fulfillment_node_id": "012",
      "revision": 1
    },
    {
      "product_id": "904348V0093075",
      "quantity": 10,
      "fulfillment_node_id": "012",
      "revision": 1
    },
    {
      "product_id": "904447V0094672",
      "quantity": 10,
      "fulfillment_node_id": "012",
      "revision": 1
    },
    {
      "product_id": "0575",
      "quantity": 10,
      "fulfillment_node_id": "012",
      "revision": 1
    },
    {
      "product_id": "0612",
      "quantity": 10,
      "fulfillment_node_id": "012",
      "revision": 1
    },
    {
      "product_id": "0937",
      "quantity": 10,
      "fulfillment_node_id": "012",
      "revision": 1
    },
    {
      "product_id": "0638",
      "quantity": 10,
      "fulfillment_node_id": "012",
      "revision": 1
    },
    {
      "product_id": "904469V0094680",
      "quantity": 10,
      "fulfillment_node_id": "012",
      "revision": 1
    },
    {
      "product_id": "904515V0092554",
      "quantity": 10,
      "fulfillment_node_id": "012",
      "revision": 1
    },
    {
      "product_id": "961254V0078699",
      "quantity": 10,
      "fulfillment_node_id": "012",
      "revision": 1
    },
    {
      "product_id": "0646",
      "quantity": 10,
      "fulfillment_node_id": "012",
      "revision": 1
    },
    {
      "product_id": "0657",
      "quantity": 10,
      "fulfillment_node_id": "012",
      "revision": 1
    },
    {
      "product_id": "904426V0093499",
      "quantity": 10,
      "fulfillment_node_id": "012",
      "revision": 1
    },
    {
      "product_id": "961803V0097538",
      "quantity": 10,
      "fulfillment_node_id": "012",
      "revision": 1
    },
    {
      "product_id": "0683",
      "quantity": 10,
      "fulfillment_node_id": "012",
      "revision": 1
    },
    {
      "product_id": "0691",
      "quantity": 10,
      "fulfillment_node_id": "012",
      "revision": 1
    },
    {
      "product_id": "901767",
      "quantity": 10,
      "fulfillment_node_id": "012",
      "revision": 1
    },
    {
      "product_id": "904099",
      "quantity": 10,
      "fulfillment_node_id": "012",
      "revision": 1
    },
    {
      "product_id": "904296V0095519",
      "quantity": 10,
      "fulfillment_node_id": "012",
      "revision": 1
    },
    {
      "product_id": "990991V0076506",
      "quantity": 10,
      "fulfillment_node_id": "012",
      "revision": 1
    },
    {
      "product_id": "0694",
      "quantity": 10,
      "fulfillment_node_id": "012",
      "revision": 1
    },
    {
      "product_id": "0696",
      "quantity": 10,
      "fulfillment_node_id": "012",
      "revision": 1
    },
    {
      "product_id": "0708",
      "quantity": 10,
      "fulfillment_node_id": "012",
      "revision": 1
    },
    {
      "product_id": "961165V0076904",
      "quantity": 10,
      "fulfillment_node_id": "012",
      "revision": 1
    },
    {
      "product_id": "0713",
      "quantity": 10,
      "fulfillment_node_id": "012",
      "revision": 1
    },
    {
      "product_id": "902819V0070548",
      "quantity": 10,
      "fulfillment_node_id": "012",
      "revision": 1
    },
    {
      "product_id": "904479V0095616",
      "quantity": 10,
      "fulfillment_node_id": "012",
      "revision": 1
    },
    {
      "product_id": "961497V0090037",
      "quantity": 10,
      "fulfillment_node_id": "012",
      "revision": 1
    },
    {
      "product_id": "0743",
      "quantity": 10,
      "fulfillment_node_id": "012",
      "revision": 1
    },
    {
      "product_id": "0757",
      "quantity": 10,
      "fulfillment_node_id": "012",
      "revision": 1
    },
    {
      "product_id": "0764",
      "quantity": 10,
      "fulfillment_node_id": "012",
      "revision": 1
    },
    {
      "product_id": "904326V0090238",
      "quantity": 10,
      "fulfillment_node_id": "012",
      "revision": 1
    },
    {
      "product_id": "961688V0093511",
      "quantity": 10,
      "fulfillment_node_id": "012",
      "revision": 1
    },
    {
      "product_id": "961728",
      "quantity": 10,
      "fulfillment_node_id": "012",
      "revision": 1
    },
    {
      "product_id": "0769",
      "quantity": 10,
      "fulfillment_node_id": "012",
      "revision": 1
    },
    {
      "product_id": "900297",
      "quantity": 10,
      "fulfillment_node_id": "012",
      "revision": 1
    },
    {
      "product_id": "902705V0065585",
      "quantity": 10,
      "fulfillment_node_id": "012",
      "revision": 1
    },
    {
      "product_id": "0788",
      "quantity": 10,
      "fulfillment_node_id": "012",
      "revision": 1
    },
    {
      "product_id": "0848",
      "quantity": 10,
      "fulfillment_node_id": "012",
      "revision": 1
    },
    {
      "product_id": "0885",
      "quantity": 10,
      "fulfillment_node_id": "012",
      "revision": 1
    },
    {
      "product_id": "904369V0094357",
      "quantity": 10,
      "fulfillment_node_id": "012",
      "revision": 1
    },
    {
      "product_id": "904448",
      "quantity": 10,
      "fulfillment_node_id": "012",
      "revision": 1
    },
    {
      "product_id": "0794",
      "quantity": 10,
      "fulfillment_node_id": "012",
      "revision": 1
    },
    {
      "product_id": "904579V0099187",
      "quantity": 10,
      "fulfillment_node_id": "012",
      "revision": 1
    },
    {
      "product_id": "961169V0076912",
      "quantity": 10,
      "fulfillment_node_id": "012",
      "revision": 1
    },
    {
      "product_id": "961536V0090153",
      "quantity": 10,
      "fulfillment_node_id": "012",
      "revision": 1
    },
    {
      "product_id": "990993V0076531",
      "quantity": 10,
      "fulfillment_node_id": "012",
      "revision": 1
    },
    {
      "product_id": "0814",
      "quantity": 10,
      "fulfillment_node_id": "012",
      "revision": 1
    },
    {
      "product_id": "904446V0094671",
      "quantity": 10,
      "fulfillment_node_id": "012",
      "revision": 1
    },
    {
      "product_id": "904562V0099185",
      "quantity": 10,
      "fulfillment_node_id": "012",
      "revision": 1
    },
    {
      "product_id": "961586",
      "quantity": 10,
      "fulfillment_node_id": "012",
      "revision": 1
    },
    {
      "product_id": "0816",
      "quantity": 10,
      "fulfillment_node_id": "012",
      "revision": 1
    },
    {
      "product_id": "0819",
      "quantity": 10,
      "fulfillment_node_id": "012",
      "revision": 1
    },
    {
      "product_id": "961610V0091611",
      "quantity": 10,
      "fulfillment_node_id": "012",
      "revision": 1
    },
    {
      "product_id": "0854",
      "quantity": 10,
      "fulfillment_node_id": "012",
      "revision": 1
    },
    {
      "product_id": "0896",
      "quantity": 10,
      "fulfillment_node_id": "012",
      "revision": 1
    },
    {
      "product_id": "0866",
      "quantity": 10,
      "fulfillment_node_id": "012",
      "revision": 1
    },
    {
      "product_id": "961804V0097540",
      "quantity": 10,
      "fulfillment_node_id": "012",
      "revision": 1
    },
    {
      "product_id": "0876",
      "quantity": 10,
      "fulfillment_node_id": "012",
      "revision": 1
    },
    {
      "product_id": "900275",
      "quantity": 10,
      "fulfillment_node_id": "012",
      "revision": 1
    },
    {
      "product_id": "904603V0099203",
      "quantity": 10,
      "fulfillment_node_id": "012",
      "revision": 1
    },
    {
      "product_id": "961243V0078683",
      "quantity": 10,
      "fulfillment_node_id": "012",
      "revision": 1
    },
    {
      "product_id": "961810V0097552",
      "quantity": 10,
      "fulfillment_node_id": "012",
      "revision": 1
    },
    {
      "product_id": "0881",
      "quantity": 10,
      "fulfillment_node_id": "012",
      "revision": 1
    },
    {
      "product_id": "961623",
      "quantity": 10,
      "fulfillment_node_id": "012",
      "revision": 1
    },
    {
      "product_id": "961809V0097550",
      "quantity": 10,
      "fulfillment_node_id": "012",
      "revision": 1
    },
    {
      "product_id": "0895",
      "quantity": 10,
      "fulfillment_node_id": "012",
      "revision": 1
    },
    {
      "product_id": "10776V0074207",
      "quantity": 10,
      "fulfillment_node_id": "012",
      "revision": 1
    },
    {
      "product_id": "904604V0099204",
      "quantity": 10,
      "fulfillment_node_id": "012",
      "revision": 1
    },
    {
      "product_id": "904655V0099658",
      "quantity": 10,
      "fulfillment_node_id": "012",
      "revision": 1
    },
    {
      "product_id": "961179",
      "quantity": 10,
      "fulfillment_node_id": "012",
      "revision": 1
    },
    {
      "product_id": "0900",
      "quantity": 10,
      "fulfillment_node_id": "012",
      "revision": 1
    },
    {
      "product_id": "0902",
      "quantity": 10,
      "fulfillment_node_id": "012",
      "revision": 1
    },
    {
      "product_id": "961234",
      "quantity": 10,
      "fulfillment_node_id": "012",
      "revision": 1
    },
    {
      "product_id": "0913",
      "quantity": 10,
      "fulfillment_node_id": "012",
      "revision": 1
    },
    {
      "product_id": "0926",
      "quantity": 10,
      "fulfillment_node_id": "012",
      "revision": 1
    },
    {
      "product_id": "904360V0090285",
      "quantity": 10,
      "fulfillment_node_id": "012",
      "revision": 1
    },
    {
      "product_id": "904370V0092726",
      "quantity": 10,
      "fulfillment_node_id": "012",
      "revision": 1
    },
    {
      "product_id": "904401V0092548",
      "quantity": 10,
      "fulfillment_node_id": "012",
      "revision": 1
    },
    {
      "product_id": "0921",
      "quantity": 10,
      "fulfillment_node_id": "012",
      "revision": 1
    },
    {
      "product_id": "0922",
      "quantity": 10,
      "fulfillment_node_id": "012",
      "revision": 1
    },
    {
      "product_id": "1000",
      "quantity": 10,
      "fulfillment_node_id": "012",
      "revision": 1
    },
    {
      "product_id": "961406V0085506",
      "quantity": 10,
      "fulfillment_node_id": "012",
      "revision": 1
    },
    {
      "product_id": "961738V0095507",
      "quantity": 10,
      "fulfillment_node_id": "012",
      "revision": 1
    },
    {
      "product_id": "0929",
      "quantity": 10,
      "fulfillment_node_id": "012",
      "revision": 1
    },
    {
      "product_id": "0979",
      "quantity": 10,
      "fulfillment_node_id": "012",
      "revision": 1
    },
    {
      "product_id": "960487",
      "quantity": 10,
      "fulfillment_node_id": "012",
      "revision": 1
    },
    {
      "product_id": "960996V0073874",
      "quantity": 10,
      "fulfillment_node_id": "012",
      "revision": 1
    },
    {
      "product_id": "961667V0093064",
      "quantity": 10,
      "fulfillment_node_id": "012",
      "revision": 1
    },
    {
      "product_id": "0932",
      "quantity": 10,
      "fulfillment_node_id": "012",
      "revision": 1
    },
    {
      "product_id": "0943",
      "quantity": 10,
      "fulfillment_node_id": "012",
      "revision": 1
    },
    {
      "product_id": "904493V0095961",
      "quantity": 10,
      "fulfillment_node_id": "012",
      "revision": 1
    },
    {
      "product_id": "961409V0085512",
      "quantity": 10,
      "fulfillment_node_id": "012",
      "revision": 1
    },
    {
      "product_id": "0935",
      "quantity": 10,
      "fulfillment_node_id": "012",
      "revision": 1
    },
    {
      "product_id": "0938",
      "quantity": 10,
      "fulfillment_node_id": "012",
      "revision": 1
    },
    {
      "product_id": "960929V0071661",
      "quantity": 10,
      "fulfillment_node_id": "012",
      "revision": 1
    },
    {
      "product_id": "961805V0097542",
      "quantity": 10,
      "fulfillment_node_id": "012",
      "revision": 1
    },
    {
      "product_id": "0941",
      "quantity": 10,
      "fulfillment_node_id": "012",
      "revision": 1
    },
    {
      "product_id": "900379",
      "quantity": 10,
      "fulfillment_node_id": "012",
      "revision": 1
    },
    {
      "product_id": "0944",
      "quantity": 10,
      "fulfillment_node_id": "012",
      "revision": 1
    },
    {
      "product_id": "904470V0094681",
      "quantity": 10,
      "fulfillment_node_id": "012",
      "revision": 1
    },
    {
      "product_id": "961168V0076910",
      "quantity": 10,
      "fulfillment_node_id": "012",
      "revision": 1
    },
    {
      "product_id": "0952",
      "quantity": 10,
      "fulfillment_node_id": "012",
      "revision": 1
    },
    {
      "product_id": "0956",
      "quantity": 10,
      "fulfillment_node_id": "012",
      "revision": 1
    },
    {
      "product_id": "0960",
      "quantity": 10,
      "fulfillment_node_id": "012",
      "revision": 1
    },
    {
      "product_id": "904298",
      "quantity": 10,
      "fulfillment_node_id": "012",
      "revision": 1
    },
    {
      "product_id": "904561V0099182",
      "quantity": 10,
      "fulfillment_node_id": "012",
      "revision": 1
    },
    {
      "product_id": "950082",
      "quantity": 10,
      "fulfillment_node_id": "012",
      "revision": 1
    },
    {
      "product_id": "961404V0085502",
      "quantity": 10,
      "fulfillment_node_id": "012",
      "revision": 1
    },
    {
      "product_id": "0988",
      "quantity": 10,
      "fulfillment_node_id": "012",
      "revision": 1
    },
    {
      "product_id": "0998",
      "quantity": 10,
      "fulfillment_node_id": "012",
      "revision": 1
    },
    {
      "product_id": "904268V0094346",
      "quantity": 10,
      "fulfillment_node_id": "012",
      "revision": 1
    },
    {
      "product_id": "10303V004141",
      "quantity": 10,
      "fulfillment_node_id": "012",
      "revision": 1
    },
    {
      "product_id": "904101V0078268",
      "quantity": 10,
      "fulfillment_node_id": "012",
      "revision": 1
    },
    {
      "product_id": "10646V0044195",
      "quantity": 10,
      "fulfillment_node_id": "012",
      "revision": 1
    },
    {
      "product_id": "904530V0094972",
      "quantity": 10,
      "fulfillment_node_id": "012",
      "revision": 1
    },
    {
      "product_id": "961560V0090718",
      "quantity": 10,
      "fulfillment_node_id": "012",
      "revision": 1
    },
    {
      "product_id": "961571V0091515",
      "quantity": 10,
      "fulfillment_node_id": "012",
      "revision": 1
    },
    {
      "product_id": "990982",
      "quantity": 10,
      "fulfillment_node_id": "012",
      "revision": 1
    },
    {
      "product_id": "10787V0075515",
      "quantity": 10,
      "fulfillment_node_id": "012",
      "revision": 1
    },
    {
      "product_id": "900359",
      "quantity": 10,
      "fulfillment_node_id": "012",
      "revision": 1
    },
    {
      "product_id": "10868V0099330",
      "quantity": 10,
      "fulfillment_node_id": "012",
      "revision": 1
    },
    {
      "product_id": "904357",
      "quantity": 10,
      "fulfillment_node_id": "012",
      "revision": 1
    },
    {
      "product_id": "961535V0090073",
      "quantity": 10,
      "fulfillment_node_id": "012",
      "revision": 1
    },
    {
      "product_id": "10900V0089953",
      "quantity": 10,
      "fulfillment_node_id": "012",
      "revision": 1
    },
    {
      "product_id": "961355V0085452",
      "quantity": 10,
      "fulfillment_node_id": "012",
      "revision": 1
    },
    {
      "product_id": "900217",
      "quantity": 10,
      "fulfillment_node_id": "012",
      "revision": 1
    },
    {
      "product_id": "900288",
      "quantity": 10,
      "fulfillment_node_id": "012",
      "revision": 1
    },
    {
      "product_id": "902960V0074573",
      "quantity": 10,
      "fulfillment_node_id": "012",
      "revision": 1
    },
    {
      "product_id": "960463",
      "quantity": 10,
      "fulfillment_node_id": "012",
      "revision": 1
    },
    {
      "product_id": "961279",
      "quantity": 10,
      "fulfillment_node_id": "012",
      "revision": 1
    },
    {
      "product_id": "961347V0084174",
      "quantity": 10,
      "fulfillment_node_id": "012",
      "revision": 1
    },
    {
      "product_id": "900360",
      "quantity": 10,
      "fulfillment_node_id": "012",
      "revision": 1
    },
    {
      "product_id": "904444V0094969",
      "quantity": 10,
      "fulfillment_node_id": "012",
      "revision": 1
    },
    {
      "product_id": "900361",
      "quantity": 10,
      "fulfillment_node_id": "012",
      "revision": 1
    },
    {
      "product_id": "901514",
      "quantity": 10,
      "fulfillment_node_id": "012",
      "revision": 1
    },
    {
      "product_id": "960650",
      "quantity": 10,
      "fulfillment_node_id": "012",
      "revision": 1
    },
    {
      "product_id": "960946V0072550",
      "quantity": 10,
      "fulfillment_node_id": "012",
      "revision": 1
    },
    {
      "product_id": "900364",
      "quantity": 10,
      "fulfillment_node_id": "012",
      "revision": 1
    },
    {
      "product_id": "901525",
      "quantity": 10,
      "fulfillment_node_id": "012",
      "revision": 1
    },
    {
      "product_id": "902996V0075050",
      "quantity": 10,
      "fulfillment_node_id": "012",
      "revision": 1
    },
    {
      "product_id": "904354V0095185",
      "quantity": 10,
      "fulfillment_node_id": "012",
      "revision": 1
    },
    {
      "product_id": "900618",
      "quantity": 10,
      "fulfillment_node_id": "012",
      "revision": 1
    },
    {
      "product_id": "903070",
      "quantity": 10,
      "fulfillment_node_id": "012",
      "revision": 1
    },
    {
      "product_id": "901643V0030616",
      "quantity": 10,
      "fulfillment_node_id": "012",
      "revision": 1
    },
    {
      "product_id": "902848",
      "quantity": 10,
      "fulfillment_node_id": "012",
      "revision": 1
    },
    {
      "product_id": "901654",
      "quantity": 10,
      "fulfillment_node_id": "012",
      "revision": 1
    },
    {
      "product_id": "901778",
      "quantity": 10,
      "fulfillment_node_id": "012",
      "revision": 1
    },
    {
      "product_id": "902176V0045649",
      "quantity": 10,
      "fulfillment_node_id": "012",
      "revision": 1
    },
    {
      "product_id": "960500",
      "quantity": 10,
      "fulfillment_node_id": "012",
      "revision": 1
    },
    {
      "product_id": "961520V0089126",
      "quantity": 10,
      "fulfillment_node_id": "012",
      "revision": 1
    },
    {
      "product_id": "902590V0063956",
      "quantity": 10,
      "fulfillment_node_id": "012",
      "revision": 1
    },
    {
      "product_id": "902696V0065576",
      "quantity": 10,
      "fulfillment_node_id": "012",
      "revision": 1
    },
    {
      "product_id": "902779",
      "quantity": 10,
      "fulfillment_node_id": "012",
      "revision": 1
    },
    {
      "product_id": "902957V0074570",
      "quantity": 10,
      "fulfillment_node_id": "012",
      "revision": 1
    },
    {
      "product_id": "902961V0074574",
      "quantity": 10,
      "fulfillment_node_id": "012",
      "revision": 1
    },
    {
      "product_id": "950085",
      "quantity": 10,
      "fulfillment_node_id": "012",
      "revision": 1
    },
    {
      "product_id": "961563V0090722",
      "quantity": 10,
      "fulfillment_node_id": "012",
      "revision": 1
    },
    {
      "product_id": "903332",
      "quantity": 10,
      "fulfillment_node_id": "012",
      "revision": 1
    },
    {
      "product_id": "904386V0092546",
      "quantity": 10,
      "fulfillment_node_id": "012",
      "revision": 1
    },
    {
      "product_id": "904449",
      "quantity": 10,
      "fulfillment_node_id": "012",
      "revision": 1
    },
    {
      "product_id": "903980",
      "quantity": 10,
      "fulfillment_node_id": "012",
      "revision": 1
    },
    {
      "product_id": "904000",
      "quantity": 10,
      "fulfillment_node_id": "012",
      "revision": 1
    },
    {
      "product_id": "960948V0072554",
      "quantity": 10,
      "fulfillment_node_id": "012",
      "revision": 1
    },
    {
      "product_id": "961525V0089136",
      "quantity": 10,
      "fulfillment_node_id": "012",
      "revision": 1
    },
    {
      "product_id": "961886V0099583",
      "quantity": 10,
      "fulfillment_node_id": "012",
      "revision": 1
    },
    {
      "product_id": "904044V0076292",
      "quantity": 10,
      "fulfillment_node_id": "012",
      "revision": 1
    },
    {
      "product_id": "904532V0097123",
      "quantity": 10,
      "fulfillment_node_id": "012",
      "revision": 1
    },
    {
      "product_id": "961834",
      "quantity": 10,
      "fulfillment_node_id": "012",
      "revision": 1
    },
    {
      "product_id": "904068V0077691",
      "quantity": 10,
      "fulfillment_node_id": "012",
      "revision": 1
    },
    {
      "product_id": "904239V0088362",
      "quantity": 10,
      "fulfillment_node_id": "012",
      "revision": 1
    },
    {
      "product_id": "961780",
      "quantity": 10,
      "fulfillment_node_id": "012",
      "revision": 1
    },
    {
      "product_id": "961879V0099467",
      "quantity": 10,
      "fulfillment_node_id": "012",
      "revision": 1
    },
    {
      "product_id": "904267V0095526",
      "quantity": 10,
      "fulfillment_node_id": "012",
      "revision": 1
    },
    {
      "product_id": "960485",
      "quantity": 10,
      "fulfillment_node_id": "012",
      "revision": 1
    },
    {
      "product_id": "960665",
      "quantity": 10,
      "fulfillment_node_id": "012",
      "revision": 1
    },
    {
      "product_id": "904279V0090346",
      "quantity": 10,
      "fulfillment_node_id": "012",
      "revision": 1
    },
    {
      "product_id": "961796V0097517",
      "quantity": 10,
      "fulfillment_node_id": "012",
      "revision": 1
    },
    {
      "product_id": "904335V0090244",
      "quantity": 10,
      "fulfillment_node_id": "012",
      "revision": 1
    },
    {
      "product_id": "961808V0097548",
      "quantity": 10,
      "fulfillment_node_id": "012",
      "revision": 1
    },
    {
      "product_id": "904384V0093458",
      "quantity": 10,
      "fulfillment_node_id": "012",
      "revision": 1
    },
    {
      "product_id": "961653V0092735",
      "quantity": 10,
      "fulfillment_node_id": "012",
      "revision": 1
    },
    {
      "product_id": "961742V0095514",
      "quantity": 10,
      "fulfillment_node_id": "012",
      "revision": 1
    },
    {
      "product_id": "904385V0092918",
      "quantity": 10,
      "fulfillment_node_id": "012",
      "revision": 1
    },
    {
      "product_id": "904398",
      "quantity": 10,
      "fulfillment_node_id": "012",
      "revision": 1
    },
    {
      "product_id": "904400V0092555",
      "quantity": 10,
      "fulfillment_node_id": "012",
      "revision": 1
    },
    {
      "product_id": "904410",
      "quantity": 10,
      "fulfillment_node_id": "012",
      "revision": 1
    },
    {
      "product_id": "904443V0094678",
      "quantity": 10,
      "fulfillment_node_id": "012",
      "revision": 1
    },
    {
      "product_id": "904467V0096546",
      "quantity": 10,
      "fulfillment_node_id": "012",
      "revision": 1
    },
    {
      "product_id": "904474V0097105",
      "quantity": 10,
      "fulfillment_node_id": "012",
      "revision": 1
    },
    {
      "product_id": "904554V0099205",
      "quantity": 10,
      "fulfillment_node_id": "012",
      "revision": 1
    },
    {
      "product_id": "961380V0085823",
      "quantity": 10,
      "fulfillment_node_id": "012",
      "revision": 1
    },
    {
      "product_id": "904484V0095623",
      "quantity": 10,
      "fulfillment_node_id": "012",
      "revision": 1
    },
    {
      "product_id": "961153V0076806",
      "quantity": 10,
      "fulfillment_node_id": "012",
      "revision": 1
    },
    {
      "product_id": "961669V0093068",
      "quantity": 10,
      "fulfillment_node_id": "012",
      "revision": 1
    },
    {
      "product_id": "904490V0096064",
      "quantity": 10,
      "fulfillment_node_id": "012",
      "revision": 1
    },
    {
      "product_id": "960475",
      "quantity": 10,
      "fulfillment_node_id": "012",
      "revision": 1
    },
    {
      "product_id": "904494V0095523",
      "quantity": 10,
      "fulfillment_node_id": "012",
      "revision": 1
    },
    {
      "product_id": "961346V0084173",
      "quantity": 10,
      "fulfillment_node_id": "012",
      "revision": 1
    },
    {
      "product_id": "961870V0099381",
      "quantity": 10,
      "fulfillment_node_id": "012",
      "revision": 1
    },
    {
      "product_id": "904501V0095172",
      "quantity": 10,
      "fulfillment_node_id": "012",
      "revision": 1
    },
    {
      "product_id": "904507V0094689",
      "quantity": 10,
      "fulfillment_node_id": "012",
      "revision": 1
    },
    {
      "product_id": "961356V0085454",
      "quantity": 10,
      "fulfillment_node_id": "012",
      "revision": 1
    },
    {
      "product_id": "904511V0095958",
      "quantity": 10,
      "fulfillment_node_id": "012",
      "revision": 1
    },
    {
      "product_id": "904522V0095522",
      "quantity": 10,
      "fulfillment_node_id": "012",
      "revision": 1
    },
    {
      "product_id": "950094",
      "quantity": 10,
      "fulfillment_node_id": "012",
      "revision": 1
    },
    {
      "product_id": "904520V0094317",
      "quantity": 10,
      "fulfillment_node_id": "012",
      "revision": 1
    },
    {
      "product_id": "960458",
      "quantity": 10,
      "fulfillment_node_id": "012",
      "revision": 1
    },
    {
      "product_id": "904523V0095626",
      "quantity": 10,
      "fulfillment_node_id": "012",
      "revision": 1
    },
    {
      "product_id": "960853V0072676",
      "quantity": 10,
      "fulfillment_node_id": "012",
      "revision": 1
    },
    {
      "product_id": "904528V0095969",
      "quantity": 10,
      "fulfillment_node_id": "012",
      "revision": 1
    },
    {
      "product_id": "904529V0093500",
      "quantity": 10,
      "fulfillment_node_id": "012",
      "revision": 1
    },
    {
      "product_id": "961495V0090033",
      "quantity": 10,
      "fulfillment_node_id": "012",
      "revision": 1
    },
    {
      "product_id": "904571V0099206",
      "quantity": 10,
      "fulfillment_node_id": "012",
      "revision": 1
    },
    {
      "product_id": "961410V0085514",
      "quantity": 10,
      "fulfillment_node_id": "012",
      "revision": 1
    },
    {
      "product_id": "961626",
      "quantity": 10,
      "fulfillment_node_id": "012",
      "revision": 1
    },
    {
      "product_id": "961638V0091894",
      "quantity": 10,
      "fulfillment_node_id": "012",
      "revision": 1
    },
    {
      "product_id": "904589V0099199",
      "quantity": 10,
      "fulfillment_node_id": "012",
      "revision": 1
    },
    {
      "product_id": "904614V0095624",
      "quantity": 10,
      "fulfillment_node_id": "012",
      "revision": 1
    },
    {
      "product_id": "904615V0095627",
      "quantity": 10,
      "fulfillment_node_id": "012",
      "revision": 1
    },
    {
      "product_id": "904660V0099745",
      "quantity": 10,
      "fulfillment_node_id": "012",
      "revision": 1
    },
    {
      "product_id": "961245V0078687",
      "quantity": 10,
      "fulfillment_node_id": "012",
      "revision": 1
    },
    {
      "product_id": "961252V0078697",
      "quantity": 10,
      "fulfillment_node_id": "012",
      "revision": 1
    },
    {
      "product_id": "904638V0099700",
      "quantity": 10,
      "fulfillment_node_id": "012",
      "revision": 1
    },
    {
      "product_id": "961251V0078696",
      "quantity": 10,
      "fulfillment_node_id": "012",
      "revision": 1
    },
    {
      "product_id": "960169V0038350",
      "quantity": 10,
      "fulfillment_node_id": "012",
      "revision": 1
    },
    {
      "product_id": "961015V0074038",
      "quantity": 10,
      "fulfillment_node_id": "012",
      "revision": 1
    },
    {
      "product_id": "961684",
      "quantity": 10,
      "fulfillment_node_id": "012",
      "revision": 1
    },
    {
      "product_id": "960465",
      "quantity": 10,
      "fulfillment_node_id": "012",
      "revision": 1
    },
    {
      "product_id": "960998V0073878",
      "quantity": 10,
      "fulfillment_node_id": "012",
      "revision": 1
    },
    {
      "product_id": "961248V0078693",
      "quantity": 10,
      "fulfillment_node_id": "012",
      "revision": 1
    },
    {
      "product_id": "960468",
      "quantity": 10,
      "fulfillment_node_id": "012",
      "revision": 1
    },
    {
      "product_id": "960470",
      "quantity": 10,
      "fulfillment_node_id": "012",
      "revision": 1
    },
    {
      "product_id": "961027V0074281",
      "quantity": 10,
      "fulfillment_node_id": "012",
      "revision": 1
    },
    {
      "product_id": "961633V0091882",
      "quantity": 10,
      "fulfillment_node_id": "012",
      "revision": 1
    },
    {
      "product_id": "960474",
      "quantity": 10,
      "fulfillment_node_id": "012",
      "revision": 1
    },
    {
      "product_id": "961799V0097521",
      "quantity": 10,
      "fulfillment_node_id": "012",
      "revision": 1
    },
    {
      "product_id": "960481",
      "quantity": 10,
      "fulfillment_node_id": "012",
      "revision": 1
    },
    {
      "product_id": "960483",
      "quantity": 10,
      "fulfillment_node_id": "012",
      "revision": 1
    },
    {
      "product_id": "960490",
      "quantity": 10,
      "fulfillment_node_id": "012",
      "revision": 1
    },
    {
      "product_id": "960643",
      "quantity": 10,
      "fulfillment_node_id": "012",
      "revision": 1
    },
    {
      "product_id": "960649",
      "quantity": 10,
      "fulfillment_node_id": "012",
      "revision": 1
    },
    {
      "product_id": "961042V0074706",
      "quantity": 10,
      "fulfillment_node_id": "012",
      "revision": 1
    },
    {
      "product_id": "960651",
      "quantity": 10,
      "fulfillment_node_id": "012",
      "revision": 1
    },
    {
      "product_id": "961534V0090071",
      "quantity": 10,
      "fulfillment_node_id": "012",
      "revision": 1
    },
    {
      "product_id": "961671V0093072",
      "quantity": 10,
      "fulfillment_node_id": "012",
      "revision": 1
    },
    {
      "product_id": "961801V0097525",
      "quantity": 10,
      "fulfillment_node_id": "012",
      "revision": 1
    },
    {
      "product_id": "960995V0073872",
      "quantity": 10,
      "fulfillment_node_id": "012",
      "revision": 1
    },
    {
      "product_id": "961028V0074283",
      "quantity": 10,
      "fulfillment_node_id": "012",
      "revision": 1
    },
    {
      "product_id": "961540V0090276",
      "quantity": 10,
      "fulfillment_node_id": "012",
      "revision": 1
    },
    {
      "product_id": "961065",
      "quantity": 10,
      "fulfillment_node_id": "012",
      "revision": 1
    },
    {
      "product_id": "961110V0076261",
      "quantity": 10,
      "fulfillment_node_id": "012",
      "revision": 1
    },
    {
      "product_id": "961114V0076277",
      "quantity": 10,
      "fulfillment_node_id": "012",
      "revision": 1
    },
    {
      "product_id": "961241V0078679",
      "quantity": 10,
      "fulfillment_node_id": "012",
      "revision": 1
    },
    {
      "product_id": "961242V0078681",
      "quantity": 10,
      "fulfillment_node_id": "012",
      "revision": 1
    },
    {
      "product_id": "961573V0091519",
      "quantity": 10,
      "fulfillment_node_id": "012",
      "revision": 1
    },
    {
      "product_id": "961244V0078684",
      "quantity": 10,
      "fulfillment_node_id": "012",
      "revision": 1
    },
    {
      "product_id": "961250V0078695",
      "quantity": 10,
      "fulfillment_node_id": "012",
      "revision": 1
    },
    {
      "product_id": "961589",
      "quantity": 10,
      "fulfillment_node_id": "012",
      "revision": 1
    },
    {
      "product_id": "961266",
      "quantity": 10,
      "fulfillment_node_id": "012",
      "revision": 1
    },
    {
      "product_id": "961602",
      "quantity": 10,
      "fulfillment_node_id": "012",
      "revision": 1
    },
    {
      "product_id": "961362V0085467",
      "quantity": 10,
      "fulfillment_node_id": "012",
      "revision": 1
    },
    {
      "product_id": "961373V0084862",
      "quantity": 10,
      "fulfillment_node_id": "012",
      "revision": 1
    },
    {
      "product_id": "961378V0084872",
      "quantity": 10,
      "fulfillment_node_id": "012",
      "revision": 1
    },
    {
      "product_id": "961381V0084874",
      "quantity": 10,
      "fulfillment_node_id": "012",
      "revision": 1
    },
    {
      "product_id": "961505V0088963",
      "quantity": 10,
      "fulfillment_node_id": "012",
      "revision": 1
    },
    {
      "product_id": "961806V0097544",
      "quantity": 10,
      "fulfillment_node_id": "012",
      "revision": 1
    },
    {
      "product_id": "961408V0085510",
      "quantity": 10,
      "fulfillment_node_id": "012",
      "revision": 1
    },
    {
      "product_id": "961661V0092751",
      "quantity": 10,
      "fulfillment_node_id": "012",
      "revision": 1
    },
    {
      "product_id": "991023",
      "quantity": 10,
      "fulfillment_node_id": "012",
      "revision": 1
    },
    {
      "product_id": "961434V0085760",
      "quantity": 10,
      "fulfillment_node_id": "012",
      "revision": 1
    },
    {
      "product_id": "961485V0088199",
      "quantity": 10,
      "fulfillment_node_id": "012",
      "revision": 1
    },
    {
      "product_id": "961718",
      "quantity": 10,
      "fulfillment_node_id": "012",
      "revision": 1
    },
    {
      "product_id": "961494V0090031",
      "quantity": 10,
      "fulfillment_node_id": "012",
      "revision": 1
    },
    {
      "product_id": "961511V0088610",
      "quantity": 10,
      "fulfillment_node_id": "012",
      "revision": 1
    },
    {
      "product_id": "961517V0089120",
      "quantity": 10,
      "fulfillment_node_id": "012",
      "revision": 1
    },
    {
      "product_id": "961518V0089122",
      "quantity": 10,
      "fulfillment_node_id": "012",
      "revision": 1
    },
    {
      "product_id": "961524V0089134",
      "quantity": 10,
      "fulfillment_node_id": "012",
      "revision": 1
    },
    {
      "product_id": "961543V0090283",
      "quantity": 10,
      "fulfillment_node_id": "012",
      "revision": 1
    },
    {
      "product_id": "961554V0090322",
      "quantity": 10,
      "fulfillment_node_id": "012",
      "revision": 1
    },
    {
      "product_id": "961795V0097437",
      "quantity": 10,
      "fulfillment_node_id": "012",
      "revision": 1
    },
    {
      "product_id": "961556V0090326",
      "quantity": 10,
      "fulfillment_node_id": "012",
      "revision": 1
    },
    {
      "product_id": "961557V0090328",
      "quantity": 10,
      "fulfillment_node_id": "012",
      "revision": 1
    },
    {
      "product_id": "961559V0090716",
      "quantity": 10,
      "fulfillment_node_id": "012",
      "revision": 1
    },
    {
      "product_id": "961634V0091884",
      "quantity": 10,
      "fulfillment_node_id": "012",
      "revision": 1
    },
    {
      "product_id": "961564V0090724",
      "quantity": 10,
      "fulfillment_node_id": "012",
      "revision": 1
    },
    {
      "product_id": "961565",
      "quantity": 10,
      "fulfillment_node_id": "012",
      "revision": 1
    },
    {
      "product_id": "961580V0091536",
      "quantity": 10,
      "fulfillment_node_id": "012",
      "revision": 1
    },
    {
      "product_id": "961614V0091774",
      "quantity": 10,
      "fulfillment_node_id": "012",
      "revision": 1
    },
    {
      "product_id": "961797V0097515",
      "quantity": 10,
      "fulfillment_node_id": "012",
      "revision": 1
    },
    {
      "product_id": "961587",
      "quantity": 10,
      "fulfillment_node_id": "012",
      "revision": 1
    },
    {
      "product_id": "961619",
      "quantity": 10,
      "fulfillment_node_id": "012",
      "revision": 1
    },
    {
      "product_id": "961620",
      "quantity": 10,
      "fulfillment_node_id": "012",
      "revision": 1
    },
    {
      "product_id": "961622",
      "quantity": 10,
      "fulfillment_node_id": "012",
      "revision": 1
    },
    {
      "product_id": "961639V0091897",
      "quantity": 10,
      "fulfillment_node_id": "012",
      "revision": 1
    },
    {
      "product_id": "961649",
      "quantity": 10,
      "fulfillment_node_id": "012",
      "revision": 1
    },
    {
      "product_id": "961650V0092730",
      "quantity": 10,
      "fulfillment_node_id": "012",
      "revision": 1
    },
    {
      "product_id": "961666V0093062",
      "quantity": 10,
      "fulfillment_node_id": "012",
      "revision": 1
    },
    {
      "product_id": "990992V0076529",
      "quantity": 10,
      "fulfillment_node_id": "012",
      "revision": 1
    },
    {
      "product_id": "961685",
      "quantity": 10,
      "fulfillment_node_id": "012",
      "revision": 1
    },
    {
      "product_id": "961877V0099463",
      "quantity": 10,
      "fulfillment_node_id": "012",
      "revision": 1
    },
    {
      "product_id": "961693V0093521",
      "quantity": 10,
      "fulfillment_node_id": "012",
      "revision": 1
    },
    {
      "product_id": "961832",
      "quantity": 10,
      "fulfillment_node_id": "012",
      "revision": 1
    },
    {
      "product_id": "961702V0093875",
      "quantity": 10,
      "fulfillment_node_id": "012",
      "revision": 1
    },
    {
      "product_id": "961733V0095497",
      "quantity": 10,
      "fulfillment_node_id": "012",
      "revision": 1
    },
    {
      "product_id": "961739V0095509",
      "quantity": 10,
      "fulfillment_node_id": "012",
      "revision": 1
    },
    {
      "product_id": "991018",
      "quantity": 10,
      "fulfillment_node_id": "012",
      "revision": 1
    },
    {
      "product_id": "961741V0095513",
      "quantity": 10,
      "fulfillment_node_id": "012",
      "revision": 1
    },
    {
      "product_id": "961743V0095516",
      "quantity": 10,
      "fulfillment_node_id": "012",
      "revision": 1
    },
    {
      "product_id": "961798V0097519",
      "quantity": 10,
      "fulfillment_node_id": "012",
      "revision": 1
    },
    {
      "product_id": "961807V0097546",
      "quantity": 10,
      "fulfillment_node_id": "012",
      "revision": 1
    },
    {
      "product_id": "961827V0098768",
      "quantity": 10,
      "fulfillment_node_id": "012",
      "revision": 1
    },
    {
      "product_id": "991022",
      "quantity": 10,
      "fulfillment_node_id": "012",
      "revision": 1
    },
    {
      "product_id": "961833",
      "quantity": 10,
      "fulfillment_node_id": "012",
      "revision": 1
    },
    {
      "product_id": "961835",
      "quantity": 10,
      "fulfillment_node_id": "012",
      "revision": 1
    },
    {
      "product_id": "961836V0098879",
      "quantity": 10,
      "fulfillment_node_id": "012",
      "revision": 1
    },
    {
      "product_id": "990989V0076368",
      "quantity": 10,
      "fulfillment_node_id": "012",
      "revision": 1
    },
    {
      "product_id": "961875V0099385",
      "quantity": 10,
      "fulfillment_node_id": "012",
      "revision": 1
    },
    {
      "product_id": "961878V0099465",
      "quantity": 10,
      "fulfillment_node_id": "012",
      "revision": 1
    },
    {
      "product_id": "961969V0100393",
      "quantity": 10,
      "fulfillment_node_id": "012",
      "revision": 1
    },
    {
      "product_id": "990990V0076370",
      "quantity": 10,
      "fulfillment_node_id": "012",
      "revision": 1
    },
    {
      "product_id": "991021",
      "quantity": 10,
      "fulfillment_node_id": "012",
      "revision": 1
    }
  ]
}