{
    "head": {
        "store_mapping": [
            {
                "store_id": "283",
                "fulfillment_node_id": "012"
            },
            {
                "store_id": "001_DT_ABC_Street",
                "fulfillment_node_id": "001_DT_ABC_Street"
            },
            {
                "store_id": "117",
                "fulfillment_node_id": "117"
            },
            {
                "store_id": "023",
                "fulfillment_node_id": "023"
            },
            {
                "store_id": "011",
                "fulfillment_node_id": "011"
            },
            {
                "store_id": "144",
                "fulfillment_node_id": "144"
            },
            {
                "store_id": "189",
                "fulfillment_node_id": "189"
            },
            {
                "store_id": "115",
                "fulfillment_node_id": "115"
            },
            {
                "store_id": "094",
                "fulfillment_node_id": "094"
            },
            {
                "store_id": "010",
                "fulfillment_node_id": "010"
            },
            {
                "store_id": "027",
                "fulfillment_node_id": "027"
            },
            {
                "store_id": "151",
                "fulfillment_node_id": "151"
            }
        ],
        "mode": "atp"
    },
    "items": [
        {
            "product_id": "0794",
            "quantity": 50,
            "fulfillment_node_id": "283"
        },
        {
            "product_id": "0794",
            "quantity": 50,
            "fulfillment_node_id": "001_DT_ABC_Street"
        },
        {
            "product_id": "0794",
            "quantity": 50,
            "fulfillment_node_id": "117"
        },
        {
            "product_id": "0794",
            "quantity": 50,
            "fulfillment_node_id": "023"
        },
        {
            "product_id": "0794",
            "quantity": 50,
            "fulfillment_node_id": "011"
        },
        {
            "product_id": "0794",
            "quantity": 50,
            "fulfillment_node_id": "144"
        },
        {
            "product_id": "0794",
            "quantity": 50,
            "fulfillment_node_id": "189"
        },
        {
            "product_id": "0794",
            "quantity": 50,
            "fulfillment_node_id": "094"
        },
        {
            "product_id": "0794",
            "quantity": 50,
            "fulfillment_node_id": "010"
        },
        {
            "product_id": "0794",
            "quantity": 50,
            "fulfillment_node_id": "027"
        },
        {
            "product_id": "0794",
            "quantity": 50,
            "fulfillment_node_id": "151"
        }
    ]
}