{
  "head": {
    "store_mapping": [
      {
        "store_id": "012",
        "fulfillment_node_id": "012"
      }
    ],
    "mode": "atp"
  },
  "items": [
    {
      "product_id": "0006",
      "quantity": 10,
      "fulfillment_node_id": "012",
      "revision": 1
    },
    {
      "product_id": "0009",
      "quantity": 10,
      "fulfillment_node_id": "012",
      "revision": 1
    },
    {
      "product_id": "0023",
      "quantity": 10,
      "fulfillment_node_id": "012",
      "revision": 1
    },
    {
      "product_id": "901969V0039908",
      "quantity": 10,
      "fulfillment_node_id": "012",
      "revision": 1
    },
    {
      "product_id": "904480V0095175",
      "quantity": 10,
      "fulfillment_node_id": "012",
      "revision": 1
    },
    {
      "product_id": "0024",
      "quantity": 10,
      "fulfillment_node_id": "012",
      "revision": 1
    },
    {
      "product_id": "0041",
      "quantity": 10,
      "fulfillment_node_id": "012",
      "revision": 1
    },
    {
      "product_id": "904030V0076225",
      "quantity": 10,
      "fulfillment_node_id": "012",
      "revision": 1
    },
    {
      "product_id": "961329V0083743",
      "quantity": 10,
      "fulfillment_node_id": "012",
      "revision": 1
    },
    {
      "product_id": "0043",
      "quantity": 10,
      "fulfillment_node_id": "012",
      "revision": 1
    },
    {
      "product_id": "0530",
      "quantity": 10,
      "fulfillment_node_id": "012",
      "revision": 1
    },
    {
      "product_id": "0690",
      "quantity": 10,
      "fulfillment_node_id": "012",
      "revision": 1
    }
  ]
}