{
    "head": {
        "store_mapping": [
            {
                "store_id": "283",
                "fulfillment_node_id": "283"
            },
            {
                "store_id": "044",
                "fulfillment_node_id": "044"
            },
            {
                "store_id": "080",
                "fulfillment_node_id": "080"
            },
            {
                "store_id": "009",
                "fulfillment_node_id": "009"
            },
            {
                "store_id": "008",
                "fulfillment_node_id": "008"
            },
            {
                "store_id": "025",
                "fulfillment_node_id": "025"
            },
            {
                "store_id": "144",
                "fulfillment_node_id": "144"
            },
            {
                "store_id": "231",
                "fulfillment_node_id": "231"
            }
        ],
        "mode": "atp"
    },
    "items": [
        {
            "product_id": "0794",
            "quantity": 50,
            "fulfillment_node_id": "283"
        },
        {
            "product_id": "0794",
            "quantity": 50,
            "fulfillment_node_id": "001_DT_ABC_Street"
        },
        {
            "product_id": "0794",
            "quantity": 50,
            "fulfillment_node_id": "044"
        },
        {
            "product_id": "0794",
            "quantity": 50,
            "fulfillment_node_id": "080"
        },
        {
            "product_id": "0794",
            "quantity": 50,
            "fulfillment_node_id": "009"
        },
        {
            "product_id": "0794",
            "quantity": 50,
            "fulfillment_node_id": "008"
        },
        {
            "product_id": "0794",
            "quantity": 50,
            "fulfillment_node_id": "025"
        },
        {
            "product_id": "0794",
            "quantity": 50,
            "fulfillment_node_id": "231"
        }
    ]
}