{
    "head": {
        "store_mapping": [
            {
                "store_id": "012",
                "fulfillment_node_id": "012"
            }
        ],
        "mode": "atp"
    },
    "items": [
        {
            "product_id": "0558-00002",
            "quantity": 50,
            "fulfillment_node_id": "012"
        },
        {
            "product_id": "0558-00004",
            "quantity": 50,
            "fulfillment_node_id": "012"
        },
        {
            "product_id": "0558-00006",
            "quantity": 50,
            "fulfillment_node_id": "012"
        },
        {
            "product_id": "0558-00008",
            "quantity": 50,
            "fulfillment_node_id": "012"
        }
    ]
}